"","well","plate","val"
"1","A01","01",1.78942293993579
"2","A02","01",-0.148258452683404
"3","A03","01",-1.57899237358732
"4","A04","01",-0.980548179859072
"5","A05","01",1.25557190999281
"6","A06","01",0.420652155706681
"7","A07","01",0.179117265267866
"8","A08","01",1.30062269993128
"9","A09","01",0.735334122330887
"10","A10","01",-0.713640775140508
"11","A11","01",-2.26711852028709
"12","A12","01",0.911362923318071
"13","A13","01",0.735063348218235
"14","A14","01",0.787903588844575
"15","A15","01",-0.0161311527570911
"16","A16","01",0.743725198780049
"17","A17","01",0.00994602013157241
"18","A18","01",-1.13287520139234
"19","A19","01",-0.536425312569804
"20","A20","01",0.950603111909247
"21","A21","01",-1.2797756492027
"22","A22","01",0.616821889946508
"23","A23","01",-0.819784375290288
"24","A24","01",1.65004182493297
"25","B01","01",0.714370508543808
"26","B02","01",0.392318353627647
"27","B03","01",-0.425104029366276
"28","B04","01",0.149971104561085
"29","B05","01",0.182675535151914
"30","B06","01",-0.355004918064279
"31","B07","01",1.10977207476234
"32","B08","01",1.16912830675823
"33","B09","01",0.516497472442974
"34","B10","01",2.13545726495201
"35","B11","01",1.01655577076094
"36","B12","01",-0.426852858538867
"37","B13","01",1.13059163811932
"38","B14","01",-0.661797427491178
"39","B15","01",0.952587456104756
"40","B16","01",-3.40436593201391
"41","B17","01",0.0073413037236257
"42","B18","01",-0.69015644681559
"43","B19","01",0.32159522645213
"44","B20","01",-0.0238881908099319
"45","B21","01",0.16016455661661
"46","B22","01",-0.696769994570479
"47","B23","01",-0.333014873802161
"48","B24","01",0.403255102304474
"49","C01","01",-0.00450875278703997
"50","C02","01",-0.0650805456654865
"51","C03","01",-0.459665312836398
"52","C04","01",0.601005620924024
"53","C05","01",-0.266974182199208
"54","C06","01",0.692129584185872
"55","C07","01",0.289694037297878
"56","C08","01",-1.08705779989363
"57","C09","01",-0.378746741295032
"58","C10","01",-0.0825111532709957
"59","C11","01",0.717583782255686
"60","C12","01",0.663678315928663
"61","C13","01",1.71074758950519
"62","C14","01",-0.0678490402688722
"63","C15","01",-0.506193190842889
"64","C16","01",-1.07719256646267
"65","C17","01",-0.501573370905358
"66","C18","01",0.206490859166068
"67","C19","01",-0.487390192083992
"68","C20","01",0.83444067913265
"69","C21","01",-0.431367717811606
"70","C22","01",0.198709188946635
"71","C23","01",0.0247144659410369
"72","C24","01",-1.62944714809776
"73","D01","01",0.799307691895983
"74","D02","01",-0.560121541851123
"75","D03","01",-1.6501686365115
"76","D04","01",0.184204072621129
"77","D05","01",-1.01317843514494
"78","D06","01",-0.216855622403817
"79","D07","01",-0.788131309890684
"80","D08","01",0.462580339407989
"81","D09","01",-0.0486023403299685
"82","D10","01",-0.610186845864075
"83","D11","01",-1.83948881013766
"84","D12","01",1.08402925557141
"85","D13","01",-0.61688955617209
"86","D14","01",1.00892107257745
"87","D15","01",1.361345458319
"88","D16","01",-1.02815750887556
"89","D17","01",1.24165745625344
"90","D18","01",0.195803249355712
"91","D19","01",-1.26180106653836
"92","D20","01",-1.36006364083955
"93","D21","01",-0.114311549173373
"94","D22","01",-0.323001966096761
"95","D23","01",-0.000276496803929429
"96","D24","01",0.0350807835044706
"97","E01","01",-0.690526063471626
"98","E02","01",-0.0453368936970127
"99","E03","01",-0.719585007872665
"100","E04","01",0.0629789520212553
"101","E05","01",-0.384946903827672
"102","E06","01",-0.598644184858619
"103","E07","01",0.310039941958485
"104","E08","01",-0.54470225400073
"105","E09","01",2.49030531563849
"106","E10","01",0.140608710765835
"107","E11","01",0.63245258993787
"108","E12","01",0.525508712737536
"109","E13","01",0.302043485377362
"110","E14","01",1.15069460094694
"111","E15","01",0.438561220006435
"112","E16","01",0.469603396479076
"113","E17","01",1.24955410826781
"114","E18","01",-1.28928228535701
"115","E19","01",0.581023408642008
"116","E20","01",-2.02467254896673
"117","E21","01",-0.771507164049894
"118","E22","01",-1.87876013589858
"119","E23","01",-0.0502143776228527
"120","E24","01",0.602262904645719
"121","F01","01",0.61237785149296
"122","F02","01",-0.449253939123356
"123","F03","01",-0.51177619615746
"124","F04","01",-1.43331343322117
"125","F05","01",-0.188054043181528
"126","F06","01",1.56654711776231
"127","F07","01",-0.165386139474909
"128","F08","01",1.43706026699554
"129","F09","01",0.604344014909695
"130","F10","01",-0.332164050003173
"131","F11","01",-0.470242603760688
"132","F12","01",-0.321955507967304
"133","F13","01",0.298521460260081
"134","F14","01",-0.19337808929597
"135","F15","01",1.27580159490558
"136","F16","01",0.632927582156315
"137","F17","01",-0.177207778116923
"138","F18","01",-0.600832335606099
"139","F19","01",-0.0175535001112218
"140","F20","01",0.0760718937201616
"141","F21","01",-0.585431726058378
"142","F22","01",1.30113584021106
"143","F23","01",-2.09208228865161
"144","F24","01",0.715429145783695
"145","G01","01",-0.301737606137137
"146","G02","01",-0.92868539811942
"147","G03","01",0.696439691316283
"148","G04","01",1.00038623344892
"149","G05","01",-0.187375511094623
"150","G06","01",-1.33949143852641
"151","G07","01",-0.965001297310556
"152","G08","01",-1.30837591426145
"153","G09","01",-1.36259992438153
"154","G10","01",0.528600183085327
"155","G11","01",-0.0225129028991556
"156","G12","01",0.662395110752015
"157","G13","01",0.48812776795991
"158","G14","01",0.222453204787356
"159","G15","01",0.695080321936181
"160","G16","01",-0.571606981573368
"161","G17","01",1.04103338736176
"162","G18","01",1.54344468071964
"163","G19","01",-1.15254713056152
"164","G20","01",-1.02178373957488
"165","G21","01",-1.0950231013172
"166","G22","01",0.0436354476705474
"167","G23","01",-0.564465327267962
"168","G24","01",0.953527239062102
"169","H01","01",1.11474200132474
"170","H02","01",0.502824291624131
"171","H03","01",0.956056967110147
"172","H04","01",-0.450708080110081
"173","H05","01",0.159363627997579
"174","H06","01",0.806361657447774
"175","H07","01",-0.324579437280818
"176","H08","01",1.50526228153248
"177","H09","01",0.967580302318019
"178","H10","01",-1.74486479576511
"179","H11","01",0.130935556365922
"180","H12","01",0.544111622730093
"181","H13","01",1.19445828972223
"182","H14","01",-1.39617446596464
"183","H15","01",-0.102666576398374
"184","H16","01",-0.507133984743602
"185","H17","01",-1.29299099994516
"186","H18","01",-0.342159932320857
"187","H19","01",-1.36179470421771
"188","H20","01",0.901720528434798
"189","H21","01",-1.76878368769476
"190","H22","01",1.44781673717967
"191","H23","01",-1.09010088685027
"192","H24","01",-1.78208153247127
"193","I01","01",-0.0127469525650438
"194","I02","01",1.56986996516024
"195","I03","01",-0.603853767265849
"196","I04","01",-0.0614964910562754
"197","I05","01",-0.446338120484758
"198","I06","01",0.670282863392466
"199","I07","01",1.05289224371716
"200","I08","01",-0.186439579746775
"201","I09","01",-1.03914361424602
"202","I10","01",1.01908586977289
"203","I11","01",-1.31292931233816
"204","I12","01",0.273009608052739
"205","I13","01",-0.290249000429192
"206","I14","01",-0.839628026208771
"207","I15","01",0.548105083507968
"208","I16","01",1.16866225383298
"209","I17","01",-0.00620937416789428
"210","I18","01",0.551866143500789
"211","I19","01",-1.10307587582576
"212","I20","01",0.239662153138178
"213","I21","01",1.64204774661899
"214","I22","01",-0.663683737526585
"215","I23","01",-1.14750729746352
"216","I24","01",0.603339189990022
"217","J01","01",-1.33005646906973
"218","J02","01",-1.60427386075422
"219","J03","01",-0.99516061304031
"220","J04","01",-0.870819714398092
"221","J05","01",1.18302981261595
"222","J06","01",1.46389566671241
"223","J07","01",-2.37893636258675
"224","J08","01",0.246700837150002
"225","J09","01",0.0270616233021372
"226","J10","01",0.563999324728791
"227","J11","01",-0.169753086644524
"228","J12","01",0.942039745942941
"229","J13","01",1.65009166260863
"230","J14","01",0.9061728175895
"231","J15","01",-1.47725648959468
"232","J16","01",0.350507210246715
"233","J17","01",-0.768900597682295
"234","J18","01",0.694521164394109
"235","J19","01",0.110288543145545
"236","J20","01",1.08917317303895
"237","J21","01",-1.20143121420253
"238","J22","01",2.60645751555549
"239","J23","01",-0.22177394772787
"240","J24","01",0.549025558813819
"241","K01","01",-0.0334224605801585
"242","K02","01",-0.24682106879845
"243","K03","01",0.136763221230146
"244","K04","01",-0.0952526135585116
"245","K05","01",-0.936666443053966
"246","K06","01",0.851442758853043
"247","K07","01",1.12489150330923
"248","K08","01",-1.77492307524034
"249","K09","01",0.401172657578895
"250","K10","01",1.61154389900755
"251","K11","01",-2.10270740110384
"252","K12","01",1.04809759286097
"253","K13","01",0.041480993375564
"254","K14","01",-1.87238936927694
"255","K15","01",-0.229444510319963
"256","K16","01",0.731469060508115
"257","K17","01",-1.39443591350074
"258","K18","01",-1.66833577959938
"259","K19","01",0.599865874177247
"260","K20","01",-0.632825505989345
"261","K21","01",0.554070648691291
"262","K22","01",1.89924479882348
"263","K23","01",1.1798973517175
"264","K24","01",-1.08066134497483
"265","L01","01",-1.18543112572152
"266","L02","01",1.63382550965547
"267","L03","01",-0.504898241401022
"268","L04","01",-0.704896925538691
"269","L05","01",1.0552605437141
"270","L06","01",0.0988832128311287
"271","L07","01",-0.0957553599787373
"272","L08","01",1.31875281353336
"273","L09","01",1.09420020161841
"274","L10","01",2.03387635239535
"275","L11","01",-1.97908939052706
"276","L12","01",-0.580084158829785
"277","L13","01",-1.80292431948666
"278","L14","01",1.00575782209066
"279","L15","01",-2.05877751501793
"280","L16","01",-0.274991265730806
"281","L17","01",-0.52438334915503
"282","L18","01",1.82245445876875
"283","L19","01",-1.19025052052092
"284","L20","01",2.34507664745005
"285","L21","01",-0.622850130986031
"286","L22","01",2.02825330332629
"287","L23","01",-0.0301209534304034
"288","L24","01",-0.542643972637275
"289","M01","01",1.17016367070056
"290","M02","01",-0.434966207906333
"291","M03","01",0.602206186909065
"292","M04","01",1.90764447615342
"293","M05","01",1.30876867792801
"294","M06","01",0.0834199298440275
"295","M07","01",0.16119495535796
"296","M08","01",-0.722346113480298
"297","M09","01",0.525281867983853
"298","M10","01",1.39104705175488
"299","M11","01",-1.75750229750581
"300","M12","01",-1.05622207210197
"301","M13","01",1.33717186198487
"302","M14","01",0.700912107264377
"303","M15","01",0.122329363134765
"304","M16","01",0.124342514348412
"305","M17","01",-0.297096253470039
"306","M18","01",0.704175705477872
"307","M19","01",-0.172638756316144
"308","M20","01",-0.329940091847953
"309","M21","01",0.877022373021372
"310","M22","01",0.476550548479943
"311","M23","01",-1.41529000006535
"312","M24","01",0.503165156519772
"313","N01","01",-0.297726034239213
"314","N02","01",-2.67008619304347
"315","N03","01",-1.23917484604732
"316","N04","01",-0.379604493430041
"317","N05","01",0.938615173771115
"318","N06","01",1.55661515772004
"319","N07","01",0.194849434821205
"320","N08","01",-2.16432149943931
"321","N09","01",-1.09809847673758
"322","N10","01",0.0717127558843551
"323","N11","01",-2.10963093435854
"324","N12","01",1.43399687065041
"325","N13","01",-0.618571277845287
"326","N14","01",0.30386587282675
"327","N15","01",0.708555297042884
"328","N16","01",1.19873638740705
"329","N17","01",-2.62667187889123
"330","N18","01",0.810582529648147
"331","N19","01",1.74704395147934
"332","N20","01",0.587618419362373
"333","N21","01",0.328007899924299
"334","N22","01",-0.235512334824318
"335","N23","01",-0.48908334649183
"336","N24","01",-0.632895925220548
"337","O01","01",0.771039333224128
"338","O02","01",1.85748473994116
"339","O03","01",-0.788713086717896
"340","O04","01",-1.0232398393253
"341","O05","01",0.916953610185749
"342","O06","01",-0.670540243414517
"343","O07","01",-1.09303255165783
"344","O08","01",-0.945502684578099
"345","O09","01",1.68513259717802
"346","O10","01",-0.9904788159839
"347","O11","01",-0.864537374286055
"348","O12","01",0.855249682058178
"349","O13","01",0.201198410938162
"350","O14","01",1.23816778896278
"351","O15","01",1.73914156858798
"352","O16","01",-0.473007340360014
"353","O17","01",1.08890835841128
"354","O18","01",-0.2171561831817
"355","O19","01",-0.930474741662855
"356","O20","01",0.286454704837115
"357","O21","01",-0.478562121385019
"358","O22","01",-0.794520675171243
"359","O23","01",0.451235873356982
"360","O24","01",-0.96325079685364
"361","P01","01",2.29744067356911
"362","P02","01",1.30959389160596
"363","P03","01",0.61478943932697
"364","P04","01",1.06274115370388
"365","P05","01",0.885072898250793
"366","P06","01",1.15305106512216
"367","P07","01",-0.66246616686422
"368","P08","01",1.23523675506154
"369","P09","01",0.724944977694758
"370","P10","01",-0.552317567856087
"371","P11","01",-1.12708348841002
"372","P12","01",0.226384445608368
"373","P13","01",-0.0575012675537952
"374","P14","01",0.135468791972775
"375","P15","01",0.324792004694465
"376","P16","01",-0.451867676065135
"377","P17","01",-0.790720243884529
"378","P18","01",-0.816381023150178
"379","P19","01",-0.732684209309429
"380","P20","01",0.886967393584077
"381","P21","01",0.750488142056138
"382","P22","01",-0.580659705066346
"383","P23","01",-0.243281404475507
"384","P24","01",-0.795347670951391
"385","A01","02",-1.40985275955709
"386","A02","02",0.0862069863365682
"387","A03","02",0.223576564777281
"388","A04","02",0.0859518627776546
"389","A05","02",1.00286176494858
"390","A06","02",-1.45863395245014
"391","A07","02",-1.2955539625516
"392","A08","02",-0.599443819011879
"393","A09","02",0.168868903398669
"394","A10","02",-1.02564253717148
"395","A11","02",0.263949181641446
"396","A12","02",-0.26072985243232
"397","A13","02",1.32703632852573
"398","A14","02",0.00308444691199486
"399","A15","02",0.949485239488203
"400","A16","02",0.45212375096001
"401","A17","02",-2.38875434625914
"402","A18","02",0.274597975107424
"403","A19","02",-1.33677665326754
"404","A20","02",-0.287565970397212
"405","A21","02",-0.243346624952103
"406","A22","02",-1.39075472538466
"407","A23","02",2.02418899257349
"408","A24","02",1.59634989849486
"409","B01","02",0.0226552042484236
"410","B02","02",0.658188911264078
"411","B03","02",0.60854431004317
"412","B04","02",-1.14093869472323
"413","B05","02",0.331920166328228
"414","B06","02",-0.565623387855307
"415","B07","02",1.57369338971646
"416","B08","02",1.26121120252861
"417","B09","02",-2.01791771443215
"418","B10","02",0.294004839335687
"419","B11","02",-0.193277175928684
"420","B12","02",0.620819254219296
"421","B13","02",0.987531186281616
"422","B14","02",0.352579093874937
"423","B15","02",-2.48306656799807
"424","B16","02",-0.75360328366875
"425","B17","02",1.63320219187938
"426","B18","02",-1.8147839042856
"427","B19","02",-1.42668449581751
"428","B20","02",-0.440248928697809
"429","B21","02",0.168109487885978
"430","B22","02",1.75273739851206
"431","B23","02",1.34159947244527
"432","B24","02",0.882596183963397
"433","C01","02",-0.2865182717531
"434","C02","02",-0.299492895479735
"435","C03","02",0.0183591791359627
"436","C04","02",1.20346710831407
"437","C05","02",-0.589444079562732
"438","C06","02",-1.45575123765187
"439","C07","02",2.06518737763009
"440","C08","02",1.12739936578389
"441","C09","02",0.556854246443132
"442","C10","02",1.74296003355544
"443","C11","02",-1.73306944755148
"444","C12","02",-0.582616184178351
"445","C13","02",-1.15980754097222
"446","C14","02",0.248300378102876
"447","C15","02",0.269957597167533
"448","C16","02",-0.425545402307485
"449","C17","02",0.729182710936043
"450","C18","02",1.73633501253957
"451","C19","02",3.11001377402466
"452","C20","02",1.16195720760485
"453","C21","02",0.726169847309123
"454","C22","02",-1.26937660243893
"455","C23","02",-1.24638265518722
"456","C24","02",1.01851210494986
"457","D01","02",0.826558135645571
"458","D02","02",0.546353025081606
"459","D03","02",-0.582053192619645
"460","D04","02",-2.10481271695573
"461","D05","02",-0.614764972145663
"462","D06","02",-0.454821846899334
"463","D07","02",0.199658404780989
"464","D08","02",-0.588439305038118
"465","D09","02",-1.16292786163447
"466","D10","02",-0.105664797836547
"467","D11","02",-0.525882051084734
"468","D12","02",-0.190427636961289
"469","D13","02",0.397960860157854
"470","D14","02",-1.21927887188078
"471","D15","02",-1.26577979394407
"472","D16","02",1.01364796879154
"473","D17","02",-0.456484408077717
"474","D18","02",0.476797480092495
"475","D19","02",0.290763800184748
"476","D20","02",-0.116478174313446
"477","D21","02",-0.526959898335186
"478","D22","02",1.15528138017816
"479","D23","02",0.155153512724858
"480","D24","02",1.26584435216654
"481","E01","02",0.793615459642574
"482","E02","02",-2.43090155838381
"483","E03","02",-0.693568439081329
"484","E04","02",1.01432410973588
"485","E05","02",-2.02035322658157
"486","E06","02",1.67565702760629
"487","E07","02",-1.24098112014151
"488","E08","02",-0.675659604193113
"489","E09","02",-1.67824975415869
"490","E10","02",-1.33105525689565
"491","E11","02",0.545313509999783
"492","E12","02",0.778059189583211
"493","E13","02",-0.267457094327232
"494","E14","02",0.234988899321213
"495","E15","02",-0.8084512474553
"496","E16","02",-1.31428385365564
"497","E17","02",-1.37400815701128
"498","E18","02",0.608689250190718
"499","E19","02",-0.271598124110306
"500","E20","02",-0.408163591007759
"501","E21","02",-0.194305156665924
"502","E22","02",0.708265575970569
"503","E23","02",-0.167982264082043
"504","E24","02",0.428471531524113
"505","F01","02",-0.557908466517768
"506","F02","02",0.444073077481314
"507","F03","02",0.114970088381964
"508","F04","02",-0.417757187502344
"509","F05","02",-1.59895386063093
"510","F06","02",-0.458965441579242
"511","F07","02",-1.18267252619903
"512","F08","02",-1.02719802653593
"513","F09","02",-1.08425574600233
"514","F10","02",0.865522430531835
"515","F11","02",-0.46050798585394
"516","F12","02",0.60559453178445
"517","F13","02",0.206683104463456
"518","F14","02",-0.288195671386046
"519","F15","02",-0.29403030042762
"520","F16","02",0.871608764668534
"521","F17","02",-1.2809519451514
"522","F18","02",1.62253658273376
"523","F19","02",-0.676143854353098
"524","F20","02",-0.244844686647813
"525","F21","02",-0.143871111388507
"526","F22","02",0.00700833959764813
"527","F23","02",-0.500853183407611
"528","F24","02",-0.671152871431468
"529","G01","02",0.483522692246979
"530","G02","02",-0.17950784401865
"531","G03","02",0.221800798106855
"532","G04","02",1.95238535135533
"533","G05","02",0.165848079700978
"534","G06","02",-0.00750424436842777
"535","G07","02",-0.346139122287843
"536","G08","02",1.25131860061553
"537","G09","02",-1.2121482370235
"538","G10","02",-0.669083548465451
"539","G11","02",1.15558769515118
"540","G12","02",-0.467364739917308
"541","G13","02",-0.908824892197839
"542","G14","02",-1.14916181148827
"543","G15","02",0.534604031374723
"544","G16","02",0.861601751229343
"545","G17","02",0.356294253010718
"546","G18","02",2.44226768445956
"547","G19","02",0.693027579757733
"548","G20","02",0.763022887358211
"549","G21","02",1.85451191747777
"550","G22","02",0.0772353975455705
"551","G23","02",0.787595149992226
"552","G24","02",-0.829183627299524
"553","H01","02",1.52506702548167
"554","H02","02",0.59831205634862
"555","H03","02",-0.975845202804427
"556","H04","02",0.329883579095723
"557","H05","02",-0.627544585525521
"558","H06","02",0.418702946546258
"559","H07","02",-1.08492517386383
"560","H08","02",1.61181560788364
"561","H09","02",0.634092813028918
"562","H10","02",-0.640826153914431
"563","H11","02",-0.810481759098326
"564","H12","02",0.646585359287006
"565","H13","02",2.04950554014581
"566","H14","02",-0.443161304406528
"567","H15","02",-0.125554049770742
"568","H16","02",0.246985403338885
"569","H17","02",0.143057460267413
"570","H18","02",-1.59136918107079
"571","H19","02",0.781998861089086
"572","H20","02",2.21092331734475
"573","H21","02",0.212582367894636
"574","H22","02",-1.17525366467692
"575","H23","02",-0.0742212168660536
"576","H24","02",-0.39356948869647
"577","I01","02",2.28412260266813
"578","I02","02",1.03748596990458
"579","I03","02",0.706107121341327
"580","I04","02",0.160885791197715
"581","I05","02",0.284581545227042
"582","I06","02",-0.518748269323583
"583","I07","02",-0.362802033154075
"584","I08","02",0.546295813219057
"585","I09","02",-0.512247137705868
"586","I10","02",-0.902843375478555
"587","I11","02",-0.40368116638182
"588","I12","02",0.926446774622981
"589","I13","02",-0.248303679899966
"590","I14","02",-0.481344037885476
"591","I15","02",-0.668399722185838
"592","I16","02",0.417550105124053
"593","I17","02",-0.827403774808318
"594","I18","02",0.789993133276254
"595","I19","02",-0.0521578812857969
"596","I20","02",0.704057654203599
"597","I21","02",0.104326634406614
"598","I22","02",0.428945206284579
"599","I23","02",-0.280656585975166
"600","I24","02",-1.37985519907809
"601","J01","02",1.474822903684
"602","J02","02",1.80023316810292
"603","J03","02",0.816385213147431
"604","J04","02",0.518694442939909
"605","J05","02",-0.218652197706821
"606","J06","02",0.554976846622792
"607","J07","02",-1.04545626371439
"608","J08","02",-1.21750060069144
"609","J09","02",1.08965831656257
"610","J10","02",0.572473077540644
"611","J11","02",0.5289016986422
"612","J12","02",0.101264929935366
"613","J13","02",-0.701761676630429
"614","J14","02",-0.189511191303964
"615","J15","02",0.551178282752261
"616","J16","02",-0.824189772827605
"617","J17","02",0.463000355242938
"618","J18","02",1.40939116319962
"619","J19","02",1.19203558768832
"620","J20","02",0.462789548124079
"621","J21","02",0.151969721780907
"622","J22","02",0.710664328424534
"623","J23","02",0.142736984631196
"624","J24","02",0.542201025080749
"625","K01","02",0.2471087380817
"626","K02","02",-1.25920981322795
"627","K03","02",-0.747428235158876
"628","K04","02",-0.337504336157517
"629","K05","02",-0.00437909191854111
"630","K06","02",-0.227029966690196
"631","K07","02",0.919866239135518
"632","K08","02",0.885175500608571
"633","K09","02",0.678445980917861
"634","K10","02",0.698616296803276
"635","K11","02",-0.237632612559129
"636","K12","02",-0.492346925283508
"637","K13","02",-2.29944877475408
"638","K14","02",-0.368241488651338
"639","K15","02",-1.297454118742
"640","K16","02",1.50172632317964
"641","K17","02",-0.572369570539698
"642","K18","02",-0.672012317925202
"643","K19","02",0.13028938392396
"644","K20","02",-0.316482003582368
"645","K21","02",-1.39254224763918
"646","K22","02",-0.819572082491969
"647","K23","02",0.305712308839799
"648","K24","02",1.22668160754469
"649","L01","02",-1.41555096127628
"650","L02","02",-1.040919752742
"651","L03","02",-0.228556643361616
"652","L04","02",1.44434088239466
"653","L05","02",-1.81457490823017
"654","L06","02",-2.1394068706399
"655","L07","02",-0.811114061049906
"656","L08","02",-0.603843983881115
"657","L09","02",1.60462266370191
"658","L10","02",0.624368235133899
"659","L11","02",0.43171413645324
"660","L12","02",-0.26615297155482
"661","L13","02",-0.359794626664499
"662","L14","02",-0.304711065313819
"663","L15","02",-0.0514056498361116
"664","L16","02",-1.89288635031035
"665","L17","02",0.44173420096094
"666","L18","02",-1.02572055636954
"667","L19","02",-0.496148342479655
"668","L20","02",-0.876621279790508
"669","L21","02",0.602279578473859
"670","L22","02",-0.363435496303216
"671","L23","02",-0.768607363692762
"672","L24","02",1.62066983826092
"673","M01","02",-0.386036441930839
"674","M02","02",1.49549032609816
"675","M03","02",-1.13070374622665
"676","M04","02",0.347245176901979
"677","M05","02",0.296102656382852
"678","M06","02",0.735268094575182
"679","M07","02",2.34935350231877
"680","M08","02",0.277057963719443
"681","M09","02",-1.28789568519701
"682","M10","02",-0.0703571523774525
"683","M11","02",1.78643569309636
"684","M12","02",-0.176737212410666
"685","M13","02",-0.0243109054796185
"686","M14","02",1.11161040467004
"687","M15","02",0.225414427854844
"688","M16","02",-0.679902301052551
"689","M17","02",1.92266236190255
"690","M18","02",-3.72242445992694
"691","M19","02",0.351780380735469
"692","M20","02",0.592047295707463
"693","M21","02",0.291720266574418
"694","M22","02",-1.19912632218241
"695","M23","02",1.40804936188968
"696","M24","02",-1.06888095565398
"697","N01","02",0.140523015857341
"698","N02","02",2.41115617373692
"699","N03","02",1.16721879073056
"700","N04","02",0.423249218762783
"701","N05","02",0.792897335881592
"702","N06","02",0.071235285880467
"703","N07","02",0.437229368717228
"704","N08","02",-1.00087651132094
"705","N09","02",-0.337124310875873
"706","N10","02",0.0935637278538163
"707","N11","02",3.28704272508708
"708","N12","02",0.381939506008606
"709","N13","02",-0.70291083925798
"710","N14","02",-0.772509033877721
"711","N15","02",0.811634926303031
"712","N16","02",-1.11195124964872
"713","N17","02",1.90140384418802
"714","N18","02",-0.239283684895785
"715","N19","02",2.13528825855497
"716","N20","02",0.301021377150826
"717","N21","02",0.14749049658427
"718","N22","02",1.47080654374308
"719","N23","02",0.779612483287868
"720","N24","02",0.805088383419024
"721","O01","02",0.184192329244823
"722","O02","02",-0.24684278338517
"723","O03","02",1.37946570088166
"724","O04","02",0.853485341658274
"725","O05","02",-1.48201643766622
"726","O06","02",0.719674876730449
"727","O07","02",0.869307135681918
"728","O08","02",0.310792003006217
"729","O09","02",-1.72755740571393
"730","O10","02",-0.219948802799584
"731","O11","02",-2.67815912631872
"732","O12","02",-0.0637300676171404
"733","O13","02",0.0369066437051681
"734","O14","02",-0.315211881338957
"735","O15","02",-1.18592670618045
"736","O16","02",0.505934508067243
"737","O17","02",1.03344885672252
"738","O18","02",-1.06904820532363
"739","O19","02",1.36706901945187
"740","O20","02",-1.10098600524834
"741","O21","02",-0.698341587413986
"742","O22","02",-1.25183484468139
"743","O23","02",-0.980273751150687
"744","O24","02",0.378801683892722
"745","P01","02",0.218188128365455
"746","P02","02",0.214915153121052
"747","P03","02",-1.29487730727655
"748","P04","02",0.651538636936894
"749","P05","02",-0.360758618272996
"750","P06","02",-0.610255551527804
"751","P07","02",-1.05796197876265
"752","P08","02",0.518115744164374
"753","P09","02",0.145327170244405
"754","P10","02",1.12476453203259
"755","P11","02",-1.40002366647198
"756","P12","02",-1.28051397282224
"757","P13","02",-1.15339187204565
"758","P14","02",0.117606993021861
"759","P15","02",2.06719244227911
"760","P16","02",1.97566019168233
"761","P17","02",0.89840803956215
"762","P18","02",0.0171112777954718
"763","P19","02",-1.24155639589525
"764","P20","02",1.07466248521085
"765","P21","02",-0.546645982052288
"766","P22","02",-1.27876314446213
"767","P23","02",1.29378614552805
"768","P24","02",-0.45951871494282
"769","A01","03",0.992724652802003
"770","A02","03",-0.266516271803835
"771","A03","03",-1.39740430495937
"772","A04","03",-0.461577906953869
"773","A05","03",-0.295948845256292
"774","A06","03",0.00643153656115306
"775","A07","03",0.578515330212815
"776","A08","03",1.00101997334185
"777","A09","03",1.06069511897328
"778","A10","03",0.251700319234967
"779","A11","03",1.97820768851414
"780","A12","03",-0.000819216374658593
"781","A13","03",1.04325387934548
"782","A14","03",1.13459595631608
"783","A15","03",-0.759333094767952
"784","A16","03",0.5777045656274
"785","A17","03",-0.901913713127059
"786","A18","03",-0.475350709151888
"787","A19","03",0.174507137327848
"788","A20","03",-1.40697069999102
"789","A21","03",-1.16250678643876
"790","A22","03",0.0216879559298477
"791","A23","03",0.889636761604222
"792","A24","03",-1.11274775816381
"793","B01","03",0.824468192558267
"794","B02","03",1.67915740987546
"795","B03","03",-0.570893540434026
"796","B04","03",1.09101688352922
"797","B05","03",0.0499317071913233
"798","B06","03",2.66742737062309
"799","B07","03",0.806276133250928
"800","B08","03",0.358094909839595
"801","B09","03",-0.713835878893472
"802","B10","03",1.7058615376381
"803","B11","03",-0.942170805662817
"804","B12","03",-1.83735603417788
"805","B13","03",1.02286076993973
"806","B14","03",-0.959506919294754
"807","B15","03",-1.56077970814514
"808","B16","03",-0.520198633156383
"809","B17","03",0.274005553590141
"810","B18","03",0.819703652173026
"811","B19","03",1.23326177498817
"812","B20","03",-0.100892445796031
"813","B21","03",-1.28421111649596
"814","B22","03",1.81860351711678
"815","B23","03",-0.231183731659676
"816","B24","03",0.999734765162019
"817","C01","03",-0.271345225281324
"818","C02","03",-2.10942977801187
"819","C03","03",-1.33239176144378
"820","C04","03",-0.758055927265324
"821","C05","03",0.847757272644089
"822","C06","03",-1.1612138642507
"823","C07","03",-1.38959260325732
"824","C08","03",-0.305416250539828
"825","C09","03",-0.135475639145873
"826","C10","03",-0.290550805820173
"827","C11","03",-0.531891293087985
"828","C12","03",0.432842352147982
"829","C13","03",-0.24367963517053
"830","C14","03",-0.599850554267873
"831","C15","03",2.74409333277708
"832","C16","03",-0.881860233274898
"833","C17","03",-0.165449458475777
"834","C18","03",0.42354581676853
"835","C19","03",-1.7406410619758
"836","C20","03",-0.668386898490417
"837","C21","03",1.98325436318549
"838","C22","03",-1.94322785045584
"839","C23","03",-1.13927243307191
"840","C24","03",0.985315583544202
"841","D01","03",0.795531811665956
"842","D02","03",-0.31881731210253
"843","D03","03",0.869145548912642
"844","D04","03",0.22498807947607
"845","D05","03",0.231213526854889
"846","D06","03",0.965007252458223
"847","D07","03",-0.508966374405539
"848","D08","03",-1.57216688520827
"849","D09","03",0.405141621333753
"850","D10","03",0.0592897853513274
"851","D11","03",-0.535112544030827
"852","D12","03",-0.673267329899423
"853","D13","03",1.0277465565217
"854","D14","03",1.32265768931712
"855","D15","03",1.46450258062246
"856","D16","03",0.00544336383552954
"857","D17","03",0.952506398096355
"858","D18","03",1.19583640109221
"859","D19","03",-1.99233481146951
"860","D20","03",1.03359132009749
"861","D21","03",1.13147618993749
"862","D22","03",1.02754246114371
"863","D23","03",-0.240477123636561
"864","D24","03",0.676706931791471
"865","E01","03",0.320642387633521
"866","E02","03",0.650802691915886
"867","E03","03",1.11610316803369
"868","E04","03",-0.56832329654234
"869","E05","03",-0.345173485747551
"870","E06","03",-1.34503153444165
"871","E07","03",-0.867994678356976
"872","E08","03",-1.15308855283477
"873","E09","03",-0.776949597640135
"874","E10","03",-0.377372369019159
"875","E11","03",-1.38285627773678
"876","E12","03",0.510791243908058
"877","E13","03",-0.9018701623061
"878","E14","03",1.49694802581948
"879","E15","03",1.24316439426375
"880","E16","03",-0.551584149362215
"881","E17","03",0.315468383842439
"882","E18","03",-1.34850507363393
"883","E19","03",-0.0212617183823076
"884","E20","03",1.22015967860612
"885","E21","03",-0.370044088301197
"886","E22","03",-0.0114887623819107
"887","E23","03",0.115789283948714
"888","E24","03",-0.0499192496699135
"889","F01","03",1.00675945561602
"890","F02","03",-1.06508410576197
"891","F03","03",0.739212357413716
"892","F04","03",-1.52522068436294
"893","F05","03",-0.46942325625939
"894","F06","03",1.56181344420793
"895","F07","03",0.859529913758403
"896","F08","03",0.1786517541364
"897","F09","03",0.481861150705684
"898","F10","03",-0.280029322776073
"899","F11","03",-0.282316462123562
"900","F12","03",-0.30751056442584
"901","F13","03",-0.836981969471468
"902","F14","03",-0.985918941573061
"903","F15","03",-1.0841663103233
"904","F16","03",0.209433673623469
"905","F17","03",1.90347629730656
"906","F18","03",-0.22216555182038
"907","F19","03",1.64178961900674
"908","F20","03",0.942983927711043
"909","F21","03",2.32593310748138
"910","F22","03",0.25015555478014
"911","F23","03",-1.50721075498292
"912","F24","03",0.156749827500651
"913","G01","03",1.73236419694946
"914","G02","03",-0.552061316052049
"915","G03","03",-0.277637459013758
"916","G04","03",-0.0776038930683501
"917","G05","03",0.413952891248644
"918","G06","03",-0.975408906997012
"919","G07","03",0.0672445361047422
"920","G08","03",1.07237860293843
"921","G09","03",0.398383297639124
"922","G10","03",1.503144036602
"923","G11","03",-0.947068782931683
"924","G12","03",0.484540318110766
"925","G13","03",-0.360739564930426
"926","G14","03",1.11044047865715
"927","G15","03",-0.0552897068120533
"928","G16","03",-0.219117231734861
"929","G17","03",1.46488802908781
"930","G18","03",1.14551276967245
"931","G19","03",2.45296964807326
"932","G20","03",1.11485672900399
"933","G21","03",-0.92994660790121
"934","G22","03",-0.663200820457018
"935","G23","03",-1.54695353335046
"936","G24","03",-0.975348691707822
"937","H01","03",1.8782181292109
"938","H02","03",-0.831533539688502
"939","H03","03",-1.29731105422435
"940","H04","03",1.13461456460683
"941","H05","03",-1.83554729695883
"942","H06","03",0.62528799009333
"943","H07","03",1.01503099326047
"944","H08","03",-0.197242227489115
"945","H09","03",-2.05567649136135
"946","H10","03",0.968484250520738
"947","H11","03",-0.134436807482973
"948","H12","03",0.260011005394561
"949","H13","03",-1.17213925447723
"950","H14","03",-2.42129945425847
"951","H15","03",1.44709804968943
"952","H16","03",0.256490658291619
"953","H17","03",-0.336360661161942
"954","H18","03",0.202531330113031
"955","H19","03",-0.338924474892984
"956","H20","03",0.478459316708863
"957","H21","03",0.0769034447491976
"958","H22","03",0.204419104250624
"959","H23","03",-0.797289877852159
"960","H24","03",0.44084829366021
"961","I01","03",1.40448956773958
"962","I02","03",0.100527439735899
"963","I03","03",-0.841151771904372
"964","I04","03",-2.07767925898007
"965","I05","03",0.602615476651734
"966","I06","03",-0.387818386520478
"967","I07","03",1.19651409771729
"968","I08","03",0.0909959637911716
"969","I09","03",0.891948288459222
"970","I10","03",0.40542466289638
"971","I11","03",0.240467774299227
"972","I12","03",-0.340004150888799
"973","I13","03",0.174637322734271
"974","I14","03",0.364252131153484
"975","I15","03",1.65705742511868
"976","I16","03",-0.394945162192756
"977","I17","03",1.38043249518173
"978","I18","03",1.78355109114864
"979","I19","03",0.338039085508755
"980","I20","03",-1.13202854180702
"981","I21","03",-0.124933529942688
"982","I22","03",0.134274938809137
"983","I23","03",1.40415639737508
"984","I24","03",-1.89316309680103
"985","J01","03",0.782205355953802
"986","J02","03",0.980494186553331
"987","J03","03",-0.187282451072448
"988","J04","03",-0.547835937573463
"989","J05","03",-1.19165400877043
"990","J06","03",-0.926357939338082
"991","J07","03",0.382075274068981
"992","J08","03",-0.676242202457964
"993","J09","03",1.29004807644987
"994","J10","03",0.435635674442622
"995","J11","03",-1.00851337422825
"996","J12","03",0.397966281102602
"997","J13","03",0.480813580407792
"998","J14","03",-1.03746931909863
"999","J15","03",-0.55977531618521
"1000","J16","03",-0.789331093216575
"1001","J17","03",-0.120847954658377
"1002","J18","03",-0.0677910848704784
"1003","J19","03",1.25046154836383
"1004","J20","03",-0.882082050511208
"1005","J21","03",1.37951943045957
"1006","J22","03",1.89978794954867
"1007","J23","03",-0.345934936572209
"1008","J24","03",0.31523706787438
"1009","K01","03",0.359705070387531
"1010","K02","03",-1.16933586669019
"1011","K03","03",-1.43055471673452
"1012","K04","03",0.329197709740627
"1013","K05","03",-0.346897173347517
"1014","K06","03",-0.0697077207301269
"1015","K07","03",1.07949706153647
"1016","K08","03",-0.326640157674448
"1017","K09","03",-0.102434815916668
"1018","K10","03",0.0112453327117758
"1019","K11","03",-0.477818085224567
"1020","K12","03",-0.739226908849681
"1021","K13","03",-0.27772905304846
"1022","K14","03",-0.147073100079215
"1023","K15","03",0.872634648849344
"1024","K16","03",-0.714387433456017
"1025","K17","03",-1.30580243369625
"1026","K18","03",0.875783256385965
"1027","K19","03",1.15227089761719
"1028","K20","03",1.05836117101144
"1029","K21","03",-1.20361034725652
"1030","K22","03",1.4912496504142
"1031","K23","03",0.923221299211304
"1032","K24","03",0.700271410721808
"1033","L01","03",-0.677642476910469
"1034","L02","03",-0.582897022540039
"1035","L03","03",1.75694482162955
"1036","L04","03",-0.444446752413539
"1037","L05","03",0.455404249367386
"1038","L06","03",-0.0414492050041593
"1039","L07","03",0.88521254645825
"1040","L08","03",-0.465143706217933
"1041","L09","03",1.35244452282367
"1042","L10","03",-0.946730537523314
"1043","L11","03",-0.27990498535125
"1044","L12","03",0.405016104625235
"1045","L13","03",-0.147028678281925
"1046","L14","03",0.0606095940739133
"1047","L15","03",-0.755397296793689
"1048","L16","03",-0.441065652279782
"1049","L17","03",-1.69898974327576
"1050","L18","03",1.07387876665605
"1051","L19","03",-0.112720350953603
"1052","L20","03",0.430683054013444
"1053","L21","03",-1.53556671527424
"1054","L22","03",0.380228130010238
"1055","L23","03",-1.07505751554659
"1056","L24","03",-0.244371346708956
"1057","M01","03",-0.639453513432822
"1058","M02","03",-0.455291768706102
"1059","M03","03",0.794261208082289
"1060","M04","03",-0.836314841389684
"1061","M05","03",-0.32414749880812
"1062","M06","03",0.212753748638518
"1063","M07","03",-0.84825356751547
"1064","M08","03",-1.16351626075508
"1065","M09","03",-0.947893421278259
"1066","M10","03",-0.471235056186199
"1067","M11","03",0.718057765688856
"1068","M12","03",-0.342901809192158
"1069","M13","03",-0.698113160834555
"1070","M14","03",-0.678175528672733
"1071","M15","03",-0.943180228264437
"1072","M16","03",1.35057171949301
"1073","M17","03",0.597162018068149
"1074","M18","03",1.00457279949266
"1075","M19","03",0.142550767576157
"1076","M20","03",0.76415627601055
"1077","M21","03",-0.979895649970608
"1078","M22","03",0.505646106258374
"1079","M23","03",-0.143764261539799
"1080","M24","03",-0.298900544424807
"1081","N01","03",-0.841645737827484
"1082","N02","03",0.140604565596914
"1083","N03","03",-0.935390491603271
"1084","N04","03",0.647451457407088
"1085","N05","03",-0.722487327818445
"1086","N06","03",0.219870823557724
"1087","N07","03",-0.724178498660697
"1088","N08","03",0.620068651689295
"1089","N09","03",-1.2194130936049
"1090","N10","03",0.787911923229625
"1091","N11","03",1.12270894240888
"1092","N12","03",0.634486103718709
"1093","N13","03",0.0192571109872944
"1094","N14","03",-0.141750370372888
"1095","N15","03",1.11580097210106
"1096","N16","03",-1.10260139426483
"1097","N17","03",2.04181771826358
"1098","N18","03",-1.18063855502147
"1099","N19","03",0.347875277747178
"1100","N20","03",0.579351288098316
"1101","N21","03",0.265304730459378
"1102","N22","03",-1.11793766181569
"1103","N23","03",-0.687475958574329
"1104","N24","03",-0.38668502409281
"1105","O01","03",-0.521748469345909
"1106","O02","03",0.0168197289843233
"1107","O03","03",0.366189941545336
"1108","O04","03",0.129617288644105
"1109","O05","03",0.123878260179141
"1110","O06","03",0.395676173051157
"1111","O07","03",-0.417430692097418
"1112","O08","03",0.299632141769967
"1113","O09","03",0.229876267691152
"1114","O10","03",-0.504397394218946
"1115","O11","03",1.0647139517179
"1116","O12","03",-1.11818843522913
"1117","O13","03",-1.6356205319023
"1118","O14","03",-1.64975586627856
"1119","O15","03",0.748842278342524
"1120","O16","03",0.618656328636125
"1121","O17","03",-1.31644551991772
"1122","O18","03",-1.07331481338435
"1123","O19","03",0.630247408679012
"1124","O20","03",1.78392871901072
"1125","O21","03",-0.0678693808729186
"1126","O22","03",1.79695327579371
"1127","O23","03",-1.36223198280157
"1128","O24","03",-2.17611135056082
"1129","P01","03",0.968025189723077
"1130","P02","03",0.813909049006145
"1131","P03","03",-1.13887207947599
"1132","P04","03",1.54620555831081
"1133","P05","03",0.699696724512556
"1134","P06","03",1.08670002899545
"1135","P07","03",1.99925113433904
"1136","P08","03",-0.378641905463125
"1137","P09","03",0.51504272212625
"1138","P10","03",-1.24003143929103
"1139","P11","03",-1.3801682616831
"1140","P12","03",-0.395489565432557
"1141","P13","03",0.0575201244044278
"1142","P14","03",-0.126984430209149
"1143","P15","03",0.9060348173181
"1144","P16","03",-1.09910973069538
"1145","P17","03",-0.123690982336746
"1146","P18","03",-1.17264453633403
"1147","P19","03",-1.41462428673188
"1148","P20","03",1.41115806624564
"1149","P21","03",-0.985361354931712
"1150","P22","03",2.95153094412554
"1151","P23","03",1.87623347384585
"1152","P24","03",0.246204563973669
